Date,Latitude,Longitude,carId
2018-10-08 17:39,59.4221755,17.8210992,1
2018-10-08 17:40,59.42205093373746,17.821750893335167,1
2018-10-08 17:41,59.42344265657816,17.82156890233181,1
2018-10-08 17:42,59.42524416960735,17.827381294506306,1
2018-10-08 17:43,59.42527133851029,17.840406884991143,1
2018-10-08 17:44,59.428070234736445,17.841668253338877,1
2018-10-08 18:13,59.38824867082902,17.939410376971306,1
2018-10-08 18:14,59.37935283714186,17.930979671192336,1
2018-10-08 18:15,59.371848333533954,17.934110566442758,1
2018-10-08 18:16,59.365396886821976,17.943952199724574,1
2018-10-08 18:17,59.35786758103631,17.94852731759886,1
2018-10-08 18:18,59.357831576410824,17.94865466649285,1
2018-10-08 18:56,59.38684365861265,17.948655272670116,1
2018-10-08 18:57,59.386548881930246,17.949307235950265,1
2018-10-08 18:58,59.3865833971454,17.949249057800255,1
2018-10-08 18:59,59.3865833971454,17.949249057800255,1
2018-10-08 19:00,59.3865833971454,17.949249057800255,1
2018-10-08 19:01,59.3865833971454,17.949249057800255,1
2018-10-08 19:37,59.35301380065833,18.088916633009873,1
2018-10-08 19:38,59.35300671076392,18.08763675853111,1
2018-10-08 19:39,59.354858448483384,18.08770301469737,1
2018-10-08 19:40,59.35838150162114,18.091333703045585,1
2018-10-08 19:41,59.359322339038826,18.099325121681634,1
2018-10-08 19:42,59.357679017454785,18.10238919172556,1
2018-10-08 20:03,59.32978307456414,18.074015522610132,1
2018-10-08 20:04,59.3303247470408,18.075954160354314,1
2018-10-08 20:05,59.32999485760239,18.076645801767572,1
2018-10-08 20:06,59.330382581634744,18.077208094664726,1
2018-10-08 20:07,59.331974914503675,18.07617220775784,1
2018-10-08 20:08,59.332841901909376,18.071647780680653,1
2018-10-08 20:09,59.3334877,18.0672218,1
2018-10-08 20:10,59.32835842591408,18.059735777217384,1
2018-10-08 20:11,59.3205707,18.0679368,1
2018-10-08 20:12,59.3154356,18.0711815,1
2018-10-08 20:13,59.30192415762763,18.079330186946166,1
2018-10-08 20:14,59.2992366,18.0777978,1
2018-10-08 21:08,59.292270776081295,17.936715255142715,1
2018-10-08 21:09,59.2925894775656,17.93395469008466,1
2018-10-08 21:10,59.290757056796444,17.931205049925087,1
2018-10-08 21:11,59.287938648981914,17.937042967792937,1
2018-10-08 21:12,59.287250738216564,17.948583423358336,1
2018-10-08 22:21,59.1743319663827,17.648885246135283,1
2018-10-08 22:22,59.1747566,17.6434429,1
2018-10-08 22:23,59.178137094463125,17.644770436840968,1
2018-10-08 22:24,59.185850652360344,17.643449651741953,1
2018-10-08 22:25,59.193247636418334,17.658246399657187,1
2018-10-08 22:26,59.19918581464523,17.66279173759288,1
2018-10-08 23:08,59.4161784,17.9057859,1
2018-10-08 23:09,59.41210579489132,17.897910269328417,1
2018-10-08 23:10,59.409031883472714,17.894033194897535,1
2018-10-08 23:11,59.404050582386496,17.889151716089945,1
2018-10-08 23:12,59.400795814785106,17.885413088996312,1
2018-10-08 23:13,59.40184916398518,17.87663448120288,1
2018-10-09 06:39,59.415415207952236,17.79798493238815,1
2018-10-09 06:40,59.41531467797863,17.797933263162577,1
2018-10-09 06:41,59.415322727795925,17.797999441954648,1
2018-10-09 06:42,59.41498655752672,17.797692567369996,1
2018-10-09 06:43,59.4146826,17.7964083,1
2018-10-09 16:53,59.41554224574536,17.797581650069404,1
2018-10-09 16:54,59.415049815262556,17.797419509595308,1
2018-10-09 16:55,59.41507057810044,17.797072984171447,1
2018-10-09 16:56,59.415116889187324,17.797161650551157,1
2018-10-09 17:12,59.4222709,17.8216945,1
2018-10-09 17:13,59.4223016,17.8215837,1
2018-10-09 17:14,59.422221617228104,17.821552902300446,1
2018-10-09 17:15,59.42220604970255,17.821598265215858,1
2018-10-09 17:16,59.42220746794179,17.821696738017245,1
2018-10-09 17:17,59.42220746794179,17.821696738017245,1
2018-10-09 17:18,59.422459269394764,17.820639968596947,1
2018-10-09 17:19,59.42318583892094,17.821329444788773,1
2018-10-09 17:20,59.4252665627437,17.824674248093544,1
2018-10-09 17:21,59.42509010872605,17.830182735578155,1
2018-10-09 17:52,59.359078,18.0937146,1
2018-10-09 17:53,59.35885177254128,18.09964611144504,1
2018-10-09 17:54,59.35691182564229,18.102358191527912,1
2018-10-09 17:55,59.3510134255362,18.103934248622533,1
2018-10-09 17:56,59.34855733998228,18.110481047151783,1
2018-10-09 17:57,59.3486739944386,18.110901694595082,1
2018-10-09 18:48,59.3340414,18.0562765,1
2018-10-09 18:49,59.3343647,18.0558988,1
2018-10-09 18:50,59.33438829541184,18.055734749439967,1
2018-10-09 18:51,59.33438569873728,18.05584076643693,1
2018-10-09 18:52,59.335259,18.0550875,1
2018-10-09 18:53,59.33519,18.0536824,1
2018-10-09 18:54,59.3318265487339,18.058067317785262,1
2018-10-09 18:55,59.33109271587982,18.05849693822759,1
2018-10-09 18:56,59.33043901647395,18.05539960845347,1
2018-10-09 18:57,59.330250623555216,18.05470197544194,1
2018-10-09 19:25,59.39716412844985,17.90963453267238,1
2018-10-09 19:26,59.398752864741475,17.90119965623078,1
2018-10-09 19:27,59.39916350204025,17.88687828055779,1
2018-10-09 19:28,59.40091131325319,17.880905310684,1
2018-10-09 19:29,59.40562904269526,17.865071950111496,1
2018-10-09 19:30,59.41541051323241,17.854092844462983,1
2018-10-09 19:33,59.42529688667021,17.832289552320635,1
2018-10-09 19:34,59.42408189733065,17.821211930282054,1
2018-10-09 19:35,59.42358441573339,17.821600608265616,1
2018-10-09 19:36,59.42235387187909,17.82064416344374,1
2018-10-09 19:37,59.42235387187909,17.82064416344374,1
2018-10-09 19:38,59.42202,17.8219012,1
2018-10-09 19:39,59.42202,17.8219012,1
2018-10-09 19:41,59.422257555415314,17.820742875825317,1
2018-10-09 19:42,59.42278635668706,17.820556507896082,1
2018-10-09 19:43,59.423103649419204,17.820859020991303,1
2018-10-09 19:45,59.4232846,17.8211726,1
2018-10-09 19:46,59.4176894,17.8146916,1
2018-10-09 19:48,59.4176894,17.8146916,1
2018-10-08 10:20,59.4243471,17.8336196,2
2018-10-08 10:21,59.4243644,17.8336159,2
2018-10-08 10:22,59.4243786,17.8336148,2
2018-10-08 10:23,59.4249203,17.8336259,2
2018-10-08 10:24,59.42438521527421,17.83357781001534,2
2018-10-08 10:25,59.42442021683057,17.833613311221036,2
2018-10-08 10:26,59.42440112567925,17.83355112750287,2
2018-10-08 10:27,59.424372637271176,17.83358851792691,2
2018-10-08 10:28,59.42437619905201,17.833577722375246,2
2018-10-08 10:39,59.4243771,17.8335627,2
2018-10-08 10:40,59.4243973610479,17.833507421969237,2
2018-10-08 10:41,59.42439387954114,17.833564304312283,2
2018-10-08 10:42,59.427546917375636,17.832098952407147,2
2018-10-08 10:43,59.43059481244329,17.831638991387614,2
2018-10-08 10:44,59.431327118707166,17.83089744212349,2
2018-10-08 10:45,59.431327118707166,17.83089744212349,2
2018-10-08 11:08,59.4779383,17.7504781,2
2018-10-08 11:09,59.477938295654425,17.75047806100933,2
2018-10-08 11:10,59.477938295654425,17.75047806100933,2
2018-10-08 11:11,59.47792974839376,17.75043844166779,2
2018-10-08 11:12,59.477931272772864,17.750492002354374,2
2018-10-08 11:13,59.47793535824973,17.750468991703787,2
2018-10-08 11:16,59.4779233,17.7504692,2
2018-10-08 11:17,59.4781056,17.7506139,2
2018-10-08 11:18,59.4781414,17.7505464,2
2018-10-08 11:19,59.47778790571686,17.74940833240193,2
2018-10-08 11:20,59.476375000981584,17.74185244050041,2
2018-10-08 11:21,59.47961035071151,17.728949196709085,2
2018-10-08 11:22,59.48593722733311,17.72721399928825,2
2018-10-08 11:23,59.49144645099805,17.735417389038787,2
2018-10-08 11:24,59.4926741,17.7389518,2
2018-10-08 11:28,59.5153274,17.7419888,2
2018-10-08 11:29,59.5144393,17.7444961,2
2018-10-08 11:30,59.511930669157834,17.75152189649154,2
2018-10-08 11:31,59.5092738285666,17.75681717346339,2
2018-10-08 11:32,59.509486767758915,17.755814943839688,2
2018-10-08 11:33,59.509580491259904,17.755222177011714,2
2018-10-08 11:34,59.509548629967775,17.755320065170036,2
2018-10-08 11:35,59.50956271324261,17.7553104335948,2
2018-10-08 13:19,59.50948439342623,17.75603731397473,2
2018-10-08 13:20,59.5118045,17.7520686,2
2018-10-08 13:21,59.505451471649856,17.747003584004393,2
2018-10-08 13:22,59.497501465197224,17.745046493450428,2
2018-10-08 13:23,59.49356994304599,17.746456406801187,2
2018-10-08 13:24,59.48524790027316,17.75988440514612,2
2018-10-08 13:25,59.48084195243941,17.781900147983418,2
2018-10-08 13:54,59.4243782,17.8335992,2
2018-10-08 13:55,59.4243877,17.833589,2
2018-10-08 13:56,59.42440100593094,17.833568648523823,2
2018-10-08 13:57,59.42440039657785,17.833582319967974,2
2018-10-08 13:58,59.424371424138755,17.83367646346723,2
2018-10-08 13:59,59.4247666,17.8341129,2
2018-10-08 14:00,59.424405649817565,17.833549699034265,2
2018-10-08 14:01,59.42439876646947,17.833578894780473,2
2018-10-08 14:28,59.4247503,17.8341282,2
2018-10-08 14:29,59.42440427396119,17.833664717707773,2
2018-10-08 14:30,59.424394792870146,17.83366225512517,2
2018-10-08 14:31,59.42439454603046,17.83359658840279,2
2018-10-08 14:32,59.424421045745284,17.833494631969263,2
2018-10-08 14:33,59.424417328883784,17.833507292783985,2
2018-10-08 14:34,59.4248273,17.8337146,2
2018-10-08 14:51,59.424281735654496,17.833564280384905,2
2018-10-08 14:52,59.42428752422505,17.83356036839835,2
2018-10-08 14:53,59.42429559021902,17.833553864843854,2
2018-10-08 14:54,59.42430838900696,17.833551009307804,2
2018-10-08 14:55,59.424311873497345,17.8335292180422,2
2018-10-08 14:56,59.424313,17.8335163,2
2018-10-08 14:57,59.42427993569132,17.833531934520977,2
2018-10-08 14:58,59.424283185785576,17.833504742127225,2
2018-10-08 14:59,59.42429509309141,17.833512558739425,2
2018-10-08 15:00,59.4245424,17.8337701,2
2018-10-08 15:01,59.42428364451984,17.833514816361443,2
2018-10-08 15:04,59.4242265,17.8334652,2
2018-10-08 15:05,59.424241,17.8334953,2
2018-10-08 15:06,59.423928,17.8339765,2
2018-10-08 15:07,59.42142936432404,17.83550835489553,2
2018-10-08 15:08,59.41788479829482,17.83208660915517,2
2018-10-08 15:09,59.41502866007427,17.8282661890081,2
2018-10-08 15:10,59.416644494444455,17.822800238355622,2
2018-10-08 15:23,59.4244556,17.833381,2
2018-10-08 15:24,59.42450436553027,17.833332202640968,2
2018-10-08 15:25,59.42445409608766,17.8334513220658,2
2018-10-08 15:26,59.42440782307697,17.833536666516668,2
2018-10-08 15:27,59.424365136769445,17.83353021370532,2
2018-10-08 15:28,59.424355172206766,17.833491195931355,2
2018-10-08 15:33,59.42437803079239,17.8369056390841,2
2018-10-08 15:34,59.42432984183607,17.836955978691616,2
2018-10-08 15:35,59.4241878,17.8369378,2
2018-10-08 15:36,59.42438061323629,17.83693831527295,2
2018-10-08 15:37,59.42437904540965,17.83696470108753,2
2018-10-08 15:38,59.42436938322487,17.836933794251273,2
2018-10-08 16:03,59.4243928,17.8369326,2
2018-10-08 16:04,59.42439705362427,17.83691731870847,2
2018-10-08 16:05,59.424394997497316,17.83689951730259,2
2018-10-08 16:06,59.424394073178654,17.83687643973443,2
2018-10-08 16:07,59.42439830148242,17.836870949434893,2
2018-10-08 16:08,59.4243818,17.8368713,2
2018-10-08 16:09,59.42438422138211,17.836895841342336,2
2018-10-08 16:10,59.4243952578391,17.836927028092706,2
2018-10-08 16:11,59.42440857056602,17.836954429757828,2
2018-10-08 16:12,59.42442065957212,17.836974513948892,2
2018-10-08 16:13,59.424425032777144,17.83696240757295,2
2018-10-08 16:14,59.424418858062815,17.836949352604243,2
2018-10-08 17:00,59.39958369668824,17.959107513119353,2
2018-10-08 17:01,59.39086699814143,17.94745949394182,2
2018-10-08 17:02,59.3938838,17.9226635,2
2018-10-08 17:03,59.39915384481205,17.90016237664113,2
2018-10-08 17:04,59.404416502957375,17.86878242022775,2
2018-10-08 17:05,59.41193928286607,17.85743333788316,2
2018-10-08 17:23,59.5093393,17.757037,2
2018-10-09 07:38,59.4913455,17.7346469,2
2018-10-09 07:39,59.49036454613121,17.730254090476848,2
2018-10-09 07:40,59.48616800621106,17.727053405376854,2
2018-10-09 07:41,59.48115713405198,17.72896469117171,2
2018-10-09 07:42,59.478281649167556,17.72649331126632,2
2018-10-09 07:43,59.478281649167556,17.72649331126632,2
2018-10-09 07:44,59.478281649167556,17.72649331126632,2
2018-10-09 07:50,59.4834075,17.7668123,2
2018-10-09 07:51,59.4787895619432,17.788962616538864,2
2018-10-09 07:52,59.472853030960735,17.808235637393818,2
2018-10-09 07:53,59.4697951746952,17.81395725982008,2
2018-10-09 07:54,59.45998784457661,17.825899794665194,2
2018-10-09 07:55,59.44868170963793,17.838890988515328,2
2018-10-09 08:20,59.409255633622855,17.84418309663482,2
2018-10-09 08:21,59.409489112238205,17.845116325641797,2
2018-10-09 08:22,59.409785049746276,17.84482611339917,2
2018-10-09 08:23,59.409635,17.8451131,2
2018-10-09 08:24,59.4096496,17.8452547,2
2018-10-09 08:26,59.4097511,17.8445315,2
2018-10-09 08:27,59.4096158,17.8452735,2
2018-10-09 08:28,59.40980985321866,17.844958852406627,2
2018-10-09 08:29,59.40981425271792,17.844817601727325,2
2018-10-09 08:30,59.409939842152774,17.84470695820247,2
2018-10-09 08:31,59.4096057,17.8451051,2
2018-10-09 08:32,59.40981950010886,17.84478446715612,2
2018-10-09 08:41,59.4070225,17.8428839,2
2018-10-09 08:42,59.40882331172466,17.843842918494808,2
2018-10-09 08:43,59.407310661323024,17.842001976513668,2
2018-10-09 08:44,59.40469030337548,17.844208070745186,2
2018-10-09 08:45,59.39980153815687,17.849398782117902,2
2018-10-09 08:46,59.39992929297016,17.84528741606492,2
2018-10-09 09:38,59.450815225250565,17.83181751855569,2
2018-10-09 09:39,59.45081837361569,17.831824952442442,2
2018-10-09 09:40,59.4506711,17.8334746,2
2018-10-09 09:41,59.4508517588344,17.831855463387363,2
2018-10-09 09:42,59.45083595708865,17.831802485772972,2
2018-10-09 09:43,59.45084385043032,17.831738708597417,2
2018-10-09 09:54,59.4507775,17.831932,2
2018-10-09 09:55,59.450774732685325,17.831941263415565,2
2018-10-09 09:56,59.45077400971081,17.831956313949984,2
2018-10-09 09:57,59.450782032282206,17.831902343075473,2
2018-10-09 09:58,59.450764017003806,17.831881139855,2
2018-10-09 09:59,59.45077877002466,17.83191810413496,2
2018-10-09 10:07,59.45039751471453,17.83341454079016,2
2018-10-09 10:08,59.45039982333106,17.833401872254637,2
2018-10-09 10:09,59.450364777950604,17.83338092059091,2
2018-10-09 10:10,59.450401039499376,17.833490188297255,2
2018-10-09 10:11,59.450425145107815,17.833496693665143,2
2018-10-09 11:09,59.508896565175554,17.7482087831173,2
2018-10-09 11:10,59.5008741044675,17.746345441334142,2
2018-10-09 11:11,59.49212107101185,17.738348041394122,2
2018-10-09 11:12,59.49304882579704,17.745404668730927,2
2018-10-09 11:13,59.48822645577656,17.745983073050894,2
2018-10-09 11:14,59.48462487771658,17.743817653116267,2
2018-10-09 13:08,59.51151922679824,17.75239858753357,2
2018-10-09 13:09,59.50541976335211,17.747007151167885,2
2018-10-09 13:10,59.49908076770646,17.745763805443122,2
2018-10-09 13:11,59.4932769759172,17.747129834242745,2
2018-10-09 13:12,59.48372529947261,17.764992783183946,2
2018-10-09 13:39,59.6514262,17.9312133,2
2018-10-09 13:40,59.6488821,17.9300919,2
2018-10-09 13:41,59.64434228060469,17.932203608221105,2
2018-10-09 13:42,59.6455772324551,17.934971202096605,2
2018-10-09 13:43,59.645162124063,17.933988210204145,2
2018-10-09 13:44,59.64501925628812,17.934231354671198,2
2018-10-09 13:45,59.64552784700687,17.934623755477944,2
2018-10-09 13:46,59.6456308,17.9346331,2
2018-10-09 13:59,59.6449111,17.9338071,2
2018-10-09 14:00,59.6449045,17.9337832,2
2018-10-09 14:01,59.64489469480732,17.933752517398602,2
2018-10-09 14:02,59.64488923742879,17.933675889770445,2
2018-10-09 14:03,59.644895949639974,17.933724304993,2
2018-10-09 14:04,59.64489496987101,17.93386530174107,2
2018-10-09 14:05,59.644883732811245,17.933847365913206,2
2018-10-09 14:06,59.64490292818489,17.933891975256156,2
2018-10-09 14:07,59.64487916647422,17.93383169717333,2
2018-10-09 14:08,59.64488733989502,17.93381631891868,2
2018-10-09 14:09,59.6448849249493,17.93380111561466,2
2018-10-09 14:10,59.644912652691076,17.93376480354008,2
2018-10-09 14:15,59.6448932,17.9337784,2
2018-10-09 14:16,59.6460682,17.9353977,2
2018-10-09 14:17,59.644834454287995,17.933779975341437,2
2018-10-09 14:18,59.644827561132445,17.93377758728768,2
2018-10-09 14:19,59.64485482214897,17.933753536849785,2
2018-10-09 14:20,59.644853043685906,17.933738017010636,2
2018-10-09 14:22,59.6448541,17.9337282,2
2018-10-09 14:23,59.644883486946554,17.933779800909825,2
2018-10-09 14:24,59.644893405185606,17.93382355828619,2
2018-10-09 14:25,59.644899047812686,17.93383815124104,2
2018-10-09 14:26,59.64493069568037,17.9338625421664,2
2018-10-09 14:27,59.64492143148931,17.93385716795656,2
2018-10-09 14:42,59.644866123350894,17.933724178412835,2
2018-10-09 14:43,59.644858095687106,17.933737107756148,2
2018-10-09 14:44,59.64483085203345,17.93374224159228,2
2018-10-09 14:45,59.644842958112314,17.933778924375364,2
2018-10-09 14:46,59.644853093999316,17.93378788630276,2
2018-10-09 14:47,59.644864373798114,17.933787107707467,2
2018-10-09 14:48,59.6448492,17.9337709,2
2018-10-09 14:49,59.64486111726583,17.933774865255074,2
2018-10-09 14:50,59.64485495505337,17.93375263789054,2
2018-10-09 14:51,59.644841355691774,17.933735779979994,2
2018-10-09 14:52,59.64482318202156,17.93376810649598,2
2018-10-09 14:53,59.64483553014147,17.933760180477986,2
2018-10-09 15:09,59.64485401121766,17.933758919404884,2
2018-10-09 15:10,59.64486062003852,17.933760551826857,2
2018-10-09 15:11,59.64487099990581,17.933765138155014,2
2018-10-09 15:12,59.644868146977736,17.933786913691545,2
2018-10-09 15:13,59.64488520262911,17.933801023444634,2
2018-10-09 15:22,59.64486031159336,17.93384160140807,2
2018-10-09 15:23,59.644882065552146,17.93382479366149,2
2018-10-09 15:24,59.6449310407619,17.933891554933314,2
2018-10-09 15:25,59.6450413183873,17.937687433363216,2
2018-10-09 15:26,59.647936922510034,17.944356281012023,2
2018-10-09 15:27,59.64500638231426,17.93732804251525,2
2018-10-09 16:42,59.362637554053066,18.08000699897353,2
2018-10-09 16:43,59.363870150804686,18.085104275399544,2
2018-10-09 16:44,59.36568645406128,18.08994130165363,2
2018-10-09 16:45,59.36737693446465,18.088961539795356,2
2018-10-09 16:46,59.36422678742657,18.085648824771173,2
2018-10-09 16:47,59.362072949372475,18.089407725442744,2
2018-10-09 18:25,59.50912856653317,17.758208010277734,2
2018-10-09 18:26,59.50912856653317,17.758208010277734,2
2018-10-08 02:03,59.2645744,18.0085833,3
2018-10-08 02:04,59.26460265689505,18.008450234626746,3
2018-10-08 02:05,59.26463341858384,18.008337212121752,3
2018-10-08 02:06,59.26437117895482,18.00907658088333,3
2018-10-08 02:07,59.264368281881055,18.009089870517798,3
2018-10-08 02:08,59.26424350254732,18.009262445022696,3
2018-10-08 02:09,59.26424350254732,18.009262445022696,3
2018-10-08 02:10,59.26424350254732,18.009262445022696,3
2018-10-08 02:11,59.26424350254732,18.009262445022696,3
2018-10-08 02:12,0,0,3
2018-10-08 02:13,0,0,3
2018-10-08 02:14,0,0,3
2018-10-08 02:15,0,0,3
2018-10-08 02:16,59.2642447,18.0092429,3
2018-10-08 02:17,59.26424682836424,18.00921334946156,3
2018-10-08 02:18,59.26421525477434,18.009258517067924,3
2018-10-08 02:19,59.26425430495658,18.009199329623435,3
2018-10-08 02:20,59.26412613545723,18.00923481553484,3
2018-10-08 02:21,59.264117100487915,18.00927417792351,3
2018-10-08 02:41,59.26269832443339,18.010373287822354,3
2018-10-08 02:42,59.26269832443339,18.010373287822354,3
2018-10-08 02:43,59.2626983,18.0103733,3
2018-10-08 02:44,59.2647241,18.008579,3
2018-10-08 02:45,59.2647474,18.0086006,3
2018-10-08 02:46,59.2647389,18.0085781,3
2018-10-08 02:47,59.2647192,18.0085944,3
2018-10-08 02:48,59.264724,18.0086234,3
2018-10-08 02:49,59.2647487,18.0086058,3
2018-10-08 02:50,59.264743,18.0085837,3
2018-10-08 02:51,59.2647344,18.0086183,3
2018-10-08 02:52,59.2647344,18.0086183,3
2018-10-08 02:53,59.2647344,18.0086183,3
2018-10-08 02:54,59.26384462221911,18.0091653397375,3
2018-10-08 02:55,59.263871601396204,18.009217007455955,3
2018-10-08 02:56,59.26386407718256,18.009230548833276,3
2018-10-08 03:08,0,0,3
2018-10-08 03:09,0,0,3
2018-10-08 03:10,0,0,3
2018-10-08 03:11,0,0,3
2018-10-08 03:13,59.26491864241063,18.008639283763124,3
2018-10-08 03:15,59.26448579014212,18.010351936725804,3
2018-10-08 03:16,59.2619852334884,18.0164993802989,3
2018-10-08 03:17,59.261068981067346,18.0135550443981,3
2018-10-08 03:18,59.26126525161086,18.013373031141164,3
2018-10-08 03:19,59.2612004,18.0129927,3
2018-10-08 03:20,59.2611821,18.0128479,3
2018-10-08 03:21,59.2611821,18.0128479,3
2018-10-08 03:22,59.2612001,18.012823,3
2018-10-08 03:23,59.2612232,18.012828,3
2018-10-08 03:24,59.2604248,18.0113267,3
2018-10-08 03:25,59.2685813,18.0072078,3
2018-10-08 03:26,59.2769508,18.0187351,3
2018-10-08 03:27,59.2784997,18.032543,3
2018-10-08 03:28,59.2814149,18.039887,3
2018-10-08 03:29,59.2877205,18.0481755,3
2018-10-08 03:30,59.2910938,18.0549919,3
2018-10-08 03:31,59.2964807,18.0918322,3
2018-10-08 03:32,59.3007078,18.0811971,3
2018-10-08 03:33,59.3073148,18.0749895,3
2018-10-08 03:34,59.3073731,18.0751487,3
2018-10-08 03:35,59.32735,18.0619247,3
2018-10-08 03:36,59.3298262,18.0623755,3
2018-10-08 03:37,59.3288064,18.0616939,3
2018-10-08 03:38,59.3301815,18.0592662,3
2018-10-08 03:39,59.3301802,18.0592609,3
2018-10-08 03:40,59.32750722591088,18.061201754230634,3
2018-10-08 03:41,59.320903744886756,18.0680958773143,3
2018-10-08 03:42,59.3202284665829,18.072996669710992,3
2018-10-08 03:43,59.31818052885555,18.08196804403519,3
2018-10-08 03:44,59.31605691978068,18.094743550473325,3
2018-10-08 03:48,59.3149551,18.087952,3
2018-10-08 03:49,59.3148267,18.0878012,3
2018-10-08 03:50,59.3147823,18.0877648,3
2018-10-08 03:51,59.314781752812905,18.087764703289587,3
2018-10-08 03:52,59.31477036675149,18.087764141321422,3
2018-10-08 03:53,59.31476023625632,18.087765174219463,3
2018-10-08 03:54,59.3147434841349,18.087781125761147,3
2018-10-08 03:55,59.314725955045624,18.08791036227277,3
2018-10-08 03:56,59.31472944431468,18.087907432957355,3
2018-10-08 04:00,59.3145675,18.0891002,3
2018-10-08 04:01,59.314662585942806,18.09027992448176,3
2018-10-08 04:02,59.3154106741093,18.094661139559246,3
2018-10-08 04:03,59.31758650187483,18.086946972140815,3
2018-10-08 04:04,59.319095516732,18.078116859826256,3
2018-10-08 04:05,59.32025890897617,18.072991504009106,3
2018-10-08 04:18,59.3440857,17.9598576,3
2018-10-08 04:19,59.3518365,17.9564616,3
2018-10-08 04:20,59.3557463,17.9498186,3
2018-10-08 04:21,59.3556858,17.9460628,3
2018-10-08 04:22,59.3550575,17.9463483,3
2018-10-08 04:23,59.3544486,17.9532477,3
2018-10-08 04:24,59.3520013,17.9560942,3
2018-10-08 04:25,59.3457917,17.95857,3
2018-10-08 04:26,59.3435273,17.9600295,3
2018-10-08 04:27,59.3364983,17.9667044,3
2018-10-08 04:28,59.3352758,17.9682173,3
2018-10-08 04:29,59.3352759,17.9682171,3
2018-10-08 04:30,59.3334252,17.975762,3
2018-10-08 04:31,59.3336107,17.9919891,3
2018-10-08 04:32,59.331166,18.0131149,3
2018-10-08 04:33,59.3324509,18.0187015,3
2018-10-08 04:34,59.3345784,18.0146263,3
2018-10-08 04:35,59.3352025,18.010492,3
2018-10-08 04:36,59.3391075,18.0114612,3
2018-10-08 04:37,59.34350804908595,18.009614803135936,3
2018-10-08 04:38,59.343718334105496,18.02283132886313,3
2018-10-08 04:39,59.3466867,18.0306407,3
2018-10-08 04:40,59.3523786,18.0600124,3
2018-10-08 04:41,59.3523786,18.0600124,3
2018-10-08 04:42,59.3521095,18.0901724,3
2018-10-08 04:43,59.3512701,18.1056323,3
2018-10-08 04:44,59.3595621,18.1085437,3
2018-10-08 04:45,59.3636057,18.1233561,3
2018-10-08 04:46,59.3615209,18.1329549,3
2018-10-08 04:47,59.3573985,18.1361627,3
2018-10-08 04:48,59.3517171,18.142759,3
2018-10-08 04:49,59.3492379,18.1502285,3
2018-10-08 04:50,59.3487309,18.1507424,3
2018-10-08 04:51,59.3487309,18.1507424,3
2018-10-08 04:52,59.3487309,18.1507424,3
2018-10-08 04:53,59.3487309,18.1507424,3
2018-10-08 04:54,59.34872211261403,18.15073627793017,3
2018-10-08 04:55,59.34872440349571,18.15072278950308,3
2018-10-08 04:56,59.34873076687842,18.150703161397328,3
2018-10-08 04:57,59.34977517342253,18.14920477099904,3
2018-10-08 04:58,59.35134712808156,18.145639781406818,3
2018-10-08 04:59,59.349739997389904,18.145872713263312,3
2018-10-08 05:19,59.3499129,18.144746,3
2018-10-08 05:20,59.3499813,18.1445212,3
2018-10-08 05:21,59.3499744,18.1445184,3
2018-10-08 05:22,59.3499542,18.1445483,3
2018-10-08 05:23,59.35003009903451,18.144436737320806,3
2018-10-08 05:24,59.34999483789611,18.14449905816638,3
2018-10-08 05:25,59.349867080968686,18.144469781626732,3
2018-10-08 05:26,59.349952617472695,18.14428892569681,3
2018-10-08 05:27,59.349997134806955,18.144494054811286,3
2018-10-08 05:35,59.35005883990607,18.144490602064508,3
2018-10-08 05:36,59.3500506,18.144464,3
2018-10-08 05:37,59.35004395123788,18.1444532274926,3
2018-10-08 05:38,59.3500377,18.1444729,3
2018-10-08 05:39,59.3500504,18.1444845,3
2018-10-08 05:40,59.3500548,18.1444963,3
2018-10-08 05:41,59.3500582,18.1444777,3
2018-10-08 05:42,59.3500881,18.1444638,3
2018-10-08 05:43,59.3500334,18.1445547,3
2018-10-08 05:44,59.34993960811392,18.144603569727693,3
2018-10-08 05:45,59.34992760302571,18.1447220325095,3
2018-10-08 05:46,59.34944398892913,18.14554136704967,3
2018-10-08 05:47,59.351289549079894,18.14567452730627,3
2018-10-08 05:48,59.3518604,18.1423629,3
2018-10-08 05:49,59.35722052257557,18.136336550120703,3
2018-10-08 05:50,59.36344380466979,18.131697413176376,3
2018-10-08 05:51,59.362513096793,18.114769553431362,3
2018-10-08 05:52,59.35544661735091,18.10478314130519,3
2018-10-08 05:53,59.3509368,18.1005067,3
2018-10-08 05:54,59.34986527395587,18.09680103053509,3
2018-10-08 05:55,59.3487435,18.0928564,3
2018-10-08 05:56,59.3462041,18.0836226,3
2018-10-08 05:57,59.3455654,18.0815362,3
2018-10-08 05:58,59.3436922,18.0789285,3
2018-10-08 05:59,59.3433914,18.0786086,3
2018-10-08 06:00,59.3395884,18.075473,3
2018-10-08 06:01,59.3371799,18.0735916,3
2018-10-08 06:02,59.3362064,18.0713363,3
2018-10-08 06:03,59.33597480229822,18.0653867606083,3
2018-10-08 06:04,59.335721,18.0639398,3
2018-10-08 06:05,59.3357167,18.0639131,3
2018-10-08 06:06,59.333153,18.0655747,3
2018-10-08 06:07,59.3308494,18.0645596,3
2018-10-08 06:08,59.3290167,18.0607235,3
2018-10-08 06:09,59.3302379,18.0592745,3
2018-10-08 06:10,59.32899590216691,18.06081880859587,3
2018-10-08 06:11,59.3294772,18.0548725,3
2018-10-08 06:12,59.3319564,18.0519188,3
2018-10-08 06:13,59.3319564,18.0519188,3
2018-10-08 06:14,59.3319564,18.0519188,3
2018-10-08 06:15,59.3325418,18.0524941,3
2018-10-08 06:16,59.3331997,18.0511433,3
2018-10-08 06:17,59.3336697,18.050851,3
2018-10-08 06:18,59.3347987,18.0495849,3
2018-10-08 06:19,59.3364453,18.0427682,3
2018-10-08 06:20,59.3388895,18.0297165,3
2018-10-08 06:21,59.3459776,18.0296007,3
2018-10-08 06:22,59.349913,18.0382118,3
2018-10-08 06:23,59.349913,18.0382118,3
2018-10-08 06:24,59.3657089,18.0532137,3
2018-10-08 06:25,59.3760737,18.0464691,3
2018-10-08 06:26,59.3854068,18.043354,3
2018-10-08 06:27,59.39570794288955,18.039525773341445,3
2018-10-08 06:28,59.4071706,18.035305,3
2018-10-08 06:29,59.4182309,18.0408379,3
2018-10-08 06:30,59.4258878,18.0614479,3
2018-10-08 06:31,59.4363367,18.0733757,3
2018-10-08 06:32,59.4430485,18.0952099,3
2018-10-08 06:33,59.4454659,18.1173586,3
2018-10-08 06:34,59.4544197,18.134499,3
2018-10-08 06:35,59.4660637,18.1503388,3
2018-10-08 06:36,59.4774778,18.1638481,3
2018-10-08 06:37,59.4928316,18.1639171,3
2018-10-08 06:38,59.5057695,18.1720799,3
2018-10-08 06:39,59.5182817,18.1799849,3
2018-10-08 06:40,59.5291766,18.1905033,3
2018-10-08 06:41,59.5394025,18.2094162,3
2018-10-08 06:42,59.54901053239075,18.226572179825915,3
2018-10-08 06:43,59.5620778,18.2316514,3
2018-10-08 06:44,59.576726667535475,18.241026710419327,3
2018-10-08 06:45,59.58729195511613,18.25664684986063,3
2018-10-08 06:46,59.59891559196509,18.27329744885226,3
2018-10-08 06:47,59.612935414551806,18.286170666167596,3
2018-10-08 06:48,59.623281962116415,18.30783782832113,3
2018-10-08 06:49,59.63141896280887,18.320888457444283,3
2018-10-08 07:08,59.7579588,18.6903446,3
2018-10-08 07:09,59.757878737795664,18.690215289557543,3
2018-10-08 07:10,59.75797424884842,18.68999400682204,3
2018-10-08 07:11,59.75803484560769,18.690090523275316,3
2018-10-08 07:12,59.75806687969355,18.690228753684554,3
2018-10-08 07:13,59.7580294,18.6901849,3
2018-10-08 07:14,59.7580345,18.6901992,3
2018-10-08 07:15,59.7580243,18.6902193,3
2018-10-08 07:16,59.75802113031273,18.69022522308102,3
2018-10-08 07:17,59.757979823630464,18.69050094129226,3
2018-10-08 07:18,59.75707218741749,18.690521014025208,3
2018-10-08 07:19,59.755472518998936,18.684369353815477,3
2018-10-08 07:20,59.7474726518129,18.683130972004662,3
2018-10-08 07:21,59.742208103306695,18.666492034823197,3
2018-10-08 07:22,59.743762454192684,18.634950765844348,3
2018-10-08 07:23,59.74228259602112,18.603129992726373,3
2018-10-08 07:24,59.73560956798229,18.577520961956434,3
2018-10-08 08:10,59.308997,18.0646588,3
2018-10-08 08:11,59.3092936695959,18.067101582212047,3
2018-10-08 08:12,59.30745352745852,18.070068388266737,3
2018-10-08 08:13,59.30768138134228,18.076563308128467,3
2018-10-08 08:14,59.30096550956243,18.08041747635173,3
2018-10-08 08:15,59.2937747,18.0850207,3
2018-10-08 08:16,59.2848156,18.0894741,3
2018-10-08 08:17,59.2759052,18.0925307,3
2018-10-08 08:18,59.2661556,18.0971766,3
2018-10-08 08:19,59.26006658567059,18.09746044047798,3
2018-10-08 08:20,59.261051753572396,18.113333070750723,3
2018-10-08 08:21,59.262059102088,18.12507172131337,3
2018-10-08 08:22,59.26519688822462,18.126135289213515,3
2018-10-08 08:23,59.2642608,18.1319797,3
2018-10-08 08:24,59.2652149,18.1330942,3
2018-10-08 08:25,59.26521,18.1330892,3
2018-10-08 08:26,59.26521,18.1330892,3
2018-10-08 08:27,59.26521,18.1330892,3
2018-10-08 08:28,59.265200580876886,18.132978646784508,3
2018-10-08 08:29,59.265203212434216,18.13296370470783,3
2018-10-08 08:30,59.26534337767677,18.132454110262632,3
2018-10-08 08:31,59.265346669354315,18.132458789976862,3
2018-10-08 08:32,59.26493892440982,18.133448201960956,3
2018-10-08 08:33,59.2648307,18.1307816,3
2018-10-08 08:34,59.2646979,18.1252554,3
2018-10-08 08:35,59.2676862,18.1173499,3
2018-10-08 08:36,59.27252,18.1100359,3
2018-10-08 08:37,59.2778067,18.110031,3
2018-10-08 08:38,59.2812755,18.1060586,3
2018-10-08 08:39,59.2845208,18.0982769,3
2018-10-08 08:40,59.2849928,18.0935787,3
2018-10-08 08:41,59.2848802,18.0936656,3
2018-10-08 08:42,59.2841495,18.0969264,3
2018-10-08 08:43,59.2860658,18.1011837,3
2018-10-08 08:44,59.2898502,18.0985515,3
2018-10-08 08:45,59.2889709,18.0916297,3
2018-10-08 08:46,59.2882847,18.0855645,3
2018-10-08 08:47,59.2849487,18.0739643,3
2018-10-08 08:48,59.2805125,18.0692361,3
2018-10-08 08:49,59.2766541,18.0694433,3
2018-10-08 08:50,59.2738689,18.0690343,3
2018-10-08 08:51,59.2714442,18.064048,3
2018-10-08 08:52,59.269426,18.0563584,3
2018-10-08 08:53,59.2694483,18.0512101,3
2018-10-08 08:54,59.2704871,18.0435646,3
2018-10-08 08:55,59.2682405,18.038975,3
2018-10-08 08:56,59.2651898,18.0433997,3
2018-10-08 08:57,59.2617361,18.040619,3
2018-10-08 08:58,59.2582025,18.0305167,3
2018-10-08 08:59,59.2611145,18.0256178,3
2018-10-08 09:00,59.2653872,18.0182862,3
2018-10-08 09:01,59.2645738,18.0111251,3
2018-10-08 09:02,59.2651666,18.0086412,3
2018-10-08 09:03,59.26506434255338,18.008690466360665,3
2018-10-08 09:04,59.26477688508594,18.008777755762384,3
2018-10-08 09:05,59.26477688508594,18.008777755762384,3
2018-10-08 09:06,59.26477688508594,18.008777755762384,3
2018-10-08 09:07,59.26477688508594,18.008777755762384,3
2018-10-08 09:09,0,0,3
2018-10-08 09:12,0,0,3
2018-10-08 09:13,0,0,3
2018-10-08 09:14,59.2647404,18.0086444,3
2018-10-08 09:15,59.2647404,18.0086444,3
2018-10-08 09:16,59.2647404,18.0086444,3
2018-10-08 09:17,59.2647404,18.0086444,3
2018-10-08 09:18,59.2647404,18.0086444,3
2018-10-08 09:19,59.2647404,18.0086444,3
2018-10-08 09:21,59.2647812,18.0086575,3
2018-10-08 09:22,59.2647796,18.0086282,3
2018-10-08 09:23,59.2647296,18.0086175,3
2018-10-08 09:24,59.2648263,18.0086947,3
2018-10-08 09:25,59.2647921,18.00876,3
2018-10-08 09:26,59.265055093277816,18.008690135466598,3
2018-10-08 09:27,59.264385979849024,18.009386087557296,3
2018-10-08 09:28,59.2647338,18.0155824,3
2018-10-08 09:29,59.2631086,18.0218939,3
2018-10-08 09:30,59.259021,18.0279142,3
2018-10-08 09:31,59.25918762583896,18.03435827443246,3
2018-10-08 09:32,59.26199524207111,18.041033415532294,3
2018-10-08 09:33,59.26288973185699,18.043039794605924,3
2018-10-08 09:34,59.26286708501313,18.042941251463628,3
2018-10-08 09:35,59.260856070446756,18.043262392074475,3
2018-10-08 09:37,59.2610455,18.0565808,3
2018-10-08 09:38,59.26271631160023,18.06373400287955,3
2018-10-08 09:39,59.2614025,18.0664458,3
2018-10-08 09:40,59.2579434,18.0799452,3
2018-10-08 09:41,59.259146518119586,18.08948097796166,3
2018-10-08 09:42,59.26054537266843,18.10150545246676,3
2018-10-08 09:43,59.2647521,18.0984967,3
2018-10-08 09:44,59.273859898656774,18.093546009818986,3
2018-10-08 09:45,59.283575756758914,18.09034454985175,3
2018-10-08 09:46,59.29244988476029,18.085894871879557,3
2018-10-08 09:47,59.30103231278148,18.080692000416143,3
2018-10-08 09:48,59.30734725029803,18.07499295281768,3
2018-10-08 09:49,59.30734725029803,18.07499295281768,3
2018-10-08 09:58,59.3369688,18.0539575,3
2018-10-08 09:59,59.33695260096894,18.053870553316933,3
2018-10-08 10:00,59.33695260096894,18.053870553316933,3
2018-10-08 10:01,59.33717007693049,18.052059419399168,3
2018-10-08 10:02,59.338611788851345,18.04866286993068,3
2018-10-08 10:03,59.341492524758124,18.045942735630202,3
2018-10-08 10:09,59.3564862,18.0331027,3
2018-10-08 10:10,59.3650285,18.0222548,3
2018-10-08 10:11,59.3751737,18.0164057,3
2018-10-08 10:12,59.3853135,18.0046983,3
2018-10-08 10:13,59.3935467,17.9878667,3
2018-10-08 10:14,59.4029028,17.9714719,3
2018-10-08 10:15,59.4101823,17.9540618,3
2018-10-08 10:16,59.4172624,17.9344827,3
2018-10-08 10:17,59.4270397,17.922021,3
2018-10-08 10:18,59.4375742,17.9245826,3
2018-10-08 10:19,59.4509453,17.9188884,3
2018-10-08 10:20,59.4638148,17.9109806,3
2018-10-08 10:21,59.4769202,17.9188409,3
2018-10-08 10:22,59.4937511,17.9214936,3
2018-10-08 10:23,59.5101793,17.923996,3
2018-10-08 10:24,59.5260569,17.9258479,3
2018-10-08 10:25,59.5392513,17.9078325,3
2018-10-08 10:26,59.5532116,17.8989241,3
2018-10-08 10:27,59.5685602,17.8976414,3
2018-10-08 10:28,59.5849716,17.9000792,3
2018-10-08 10:29,59.6024165,17.8985269,3
2018-10-08 10:30,59.6177549,17.9038241,3
2018-10-08 10:31,59.6252502,17.9161341,3
2018-10-08 10:32,59.6395375,17.9371019,3
2018-10-08 10:33,59.6472955,17.9324456,3
2018-10-08 10:34,59.6453404,17.9282802,3
2018-10-08 10:35,59.6444963,17.9295324,3
2018-10-08 10:36,59.6444963,17.9295324,3
2018-10-08 10:37,59.6441782,17.9328702,3
2018-10-08 10:38,59.63737005218678,17.93515483555319,3
2018-10-08 10:39,59.6287972,17.9217923,3
2018-10-08 10:40,59.620302,17.9067398,3
2018-10-08 10:41,59.6125759,17.8979238,3
2018-10-08 10:42,59.5995767,17.8968589,3
2018-10-08 10:43,59.587684976773645,17.898554181586796,3
2018-10-08 10:44,59.5744962,17.8995653,3
2018-10-08 10:45,59.5622753,17.8974231,3
2018-10-08 10:46,59.5489568,17.8999201,3
2018-10-08 10:47,59.5363427,17.9114865,3
2018-10-08 10:48,59.5249175,17.9260832,3
2018-10-08 10:49,59.5125786,17.9237544,3
2018-10-08 10:50,59.4988804,17.9242382,3
2018-10-08 10:51,59.4874988,17.9188274,3
2018-10-08 10:52,59.47424752851912,17.916291341886737,3
2018-10-08 10:53,59.461657,17.9107035,3
2018-10-08 10:54,59.4482952,17.9196846,3
2018-10-08 10:55,59.4368851,17.9242948,3
2018-10-08 10:56,59.4262407,17.9223136,3
2018-10-08 10:57,59.4151705,17.9394768,3
2018-10-08 10:58,59.40826242987661,17.95836920458167,3
2018-10-08 10:59,59.39975240051107,17.976171114030556,3
2018-10-08 11:00,59.39043333594347,17.995765048941276,3
2018-10-08 11:01,59.380493445438475,18.010350795150966,3
2018-10-08 11:02,59.36927634735828,18.020134051561268,3
2018-10-08 11:20,59.2647845,18.0421371,3
2018-10-08 11:21,59.2641577,18.0425195,3
2018-10-08 11:22,59.2626248,18.0415552,3
2018-10-08 11:23,59.2594856,18.0352967,3
2018-10-08 11:24,59.2568626,18.0281636,3
2018-10-08 11:25,59.2567102,18.0259104,3
2018-10-08 11:26,59.2568033,18.0267862,3
2018-10-08 11:27,59.2568468,18.0267624,3
2018-10-08 11:28,59.2568469,18.0267624,3
2018-10-08 11:29,59.2568657,18.0272102,3
2018-10-08 11:30,59.256756996910035,18.02735619598989,3
2018-10-08 11:31,59.256756996910035,18.02735619598989,3
2018-10-08 11:32,59.256756996910035,18.02735619598989,3
2018-10-08 11:33,59.25703669344668,18.02666002592514,3
2018-10-08 11:34,59.2569067,18.0266296,3
2018-10-08 11:35,59.25813539409172,18.02095372856317,3
2018-10-08 11:36,59.261578621709724,18.017279420640698,3
2018-10-08 11:37,59.26362653156629,18.013994392402076,3
2018-10-08 11:38,59.26760114684848,18.00937827016795,3
2018-10-08 11:39,59.275656748337745,18.01610719870591,3
2018-10-08 11:49,59.2887398,18.1006834,3
2018-10-08 11:50,59.2847615,18.0987748,3
2018-10-08 11:51,59.2849035,18.0936176,3
2018-10-08 11:52,59.28498346156191,18.093543193916506,3
2018-10-08 11:53,59.2849777,18.0935402,3
2018-10-08 11:54,59.28499789356984,18.093646234169036,3
2018-10-08 11:55,59.284918980730026,18.09376412081791,3
2018-10-08 11:56,59.284918980730026,18.09376412081791,3
2018-10-08 11:57,59.2850142,18.0935369,3
2018-10-08 11:58,59.2842092452677,18.09708284138215,3
2018-10-08 11:59,59.28189432817096,18.104503957513643,3
2018-10-08 12:00,59.279697618148866,18.108778937598508,3
2018-10-08 12:01,59.27525430071952,18.110294830723674,3
2018-10-08 12:02,59.270913122604284,18.112143219156234,3
2018-10-08 12:06,59.2653609,18.1327082,3
2018-10-08 12:07,59.265349,18.1325069,3
2018-10-08 12:08,59.265349,18.1325069,3
2018-10-08 12:09,59.2653551,18.1325174,3
2018-10-08 12:10,59.2641832,18.1322352,3
2018-10-08 12:11,59.2650265,18.1257221,3
2018-10-08 12:12,59.2613878,18.1173015,3
2018-10-08 12:13,59.2612288,18.1061856,3
2018-10-08 12:14,59.2598847,18.0939337,3
2018-10-08 12:15,59.258402,18.0838163,3
2018-10-08 12:16,59.2628534,18.0644636,3
2018-10-08 12:17,59.26903893651644,18.056279010699583,3
2018-10-08 12:18,59.269383817550015,18.05144181685546,3
2018-10-08 12:19,59.270926437640874,18.046932657696576,3
2018-10-08 19:44,59.2647294,18.0086052,3
2018-10-09 03:41,59.2640083,18.0093255,3
2018-10-09 03:42,59.2641747,18.0091875,3
2018-10-09 03:43,59.2642322,18.0091372,3
2018-10-09 03:44,59.2642322,18.0091372,3
2018-10-09 03:45,59.2642322,18.0091372,3
2018-10-09 03:46,59.2642322,18.0091372,3
2018-10-09 03:47,59.2642322,18.0091372,3
2018-10-09 04:10,59.2647507,18.0086134,3
2018-10-09 04:11,59.2647507,18.0086134,3
2018-10-09 04:12,59.2647507,18.0086134,3
2018-10-09 04:13,59.2647507,18.0086134,3
2018-10-09 04:14,59.2647507,18.0086134,3
2018-10-09 04:28,59.2647433,18.0086152,3
2018-10-09 04:29,59.2647433,18.0086152,3
2018-10-09 04:31,59.26454876985803,18.009481568341393,3
2018-10-09 04:32,59.264614303547745,18.009340225601946,3
2018-10-09 04:34,59.2645875104693,18.009264061007098,3
2018-10-09 04:35,59.26965006421713,18.008802148403284,3
2018-10-09 04:36,59.2770487,18.0188729,3
2018-10-09 04:37,59.2778814,18.0285278,3
2018-10-09 04:38,59.2781139,18.0316021,3
2018-10-09 04:39,59.2830963,18.0441267,3
2018-10-09 04:40,59.284605213321896,18.046268473413658,3
2018-10-09 04:41,59.285861822564996,18.045554377775428,3
2018-10-09 04:42,59.29090073749957,18.054727288144168,3
2018-10-09 04:43,59.29103423576571,18.05501883206121,3
2018-10-09 04:44,59.29103423576571,18.05501883206121,3
2018-10-09 04:45,59.29103423576571,18.05501883206121,3
2018-10-09 04:52,59.3215319,18.2891049,3
2018-10-09 04:53,59.32921484223946,18.31301973802596,3
2018-10-09 04:54,59.323423024247084,18.338985286931663,3
2018-10-09 04:55,59.31434314682374,18.358287799631828,3
2018-10-09 04:56,59.30693856409518,18.381174054074496,3
2018-10-09 04:57,59.30685908942437,18.410871789459847,3
2018-10-09 05:13,59.29831462507901,18.605073503731237,3
2018-10-09 05:14,59.29787051404634,18.615670954937578,3
2018-10-09 05:15,59.30241086790519,18.624649271115203,3
2018-10-09 05:16,59.30353361738723,18.63787137065738,3
2018-10-09 05:17,59.3063296,18.6377986,3
2018-10-09 05:18,59.3063031,18.6377013,3
2018-10-09 05:19,59.30628720770509,18.63779444527201,3
2018-10-09 05:20,59.30385144321861,18.63769380017713,3
2018-10-09 05:21,59.30350372963119,18.63012668915682,3
2018-10-09 05:22,59.30223164912456,18.618342213734017,3
2018-10-09 05:23,59.29619870318667,18.614064754201163,3
2018-10-09 05:24,59.29839111336467,18.605156110779127,3
2018-10-09 05:38,59.31318820365436,18.456119417498503,3
2018-10-09 05:39,59.31341093615471,18.445376253935905,3
2018-10-09 05:40,59.31178429529997,18.430094386162498,3
2018-10-09 05:41,59.30635410248198,18.409068543588877,3
2018-10-09 05:42,59.30745327591172,18.377399885572604,3
2018-10-09 05:43,59.31409420305348,18.359549755888107,3
2018-10-09 05:47,59.315562606794956,18.256398806329884,3
2018-10-09 05:48,59.31426985918786,18.24023400733707,3
2018-10-09 05:49,59.313997715604835,18.227437769719046,3
2018-10-09 05:50,59.314470035928146,18.21430411852576,3
2018-10-09 05:51,59.31557730679028,18.19149172846598,3
2018-10-09 06:18,59.33775217630135,18.03359776119093,3
2018-10-09 06:19,59.341067735689904,18.02574272794627,3
2018-10-09 06:20,59.34657129389041,18.030435124077332,3
2018-10-09 06:21,59.354014083173425,18.03763392683938,3
2018-10-09 06:22,59.3629891991724,18.02512189804845,3
2018-10-09 06:27,59.4148932,17.9403379,3
2018-10-09 06:28,59.4256982,17.9228055,3
2018-10-09 06:29,59.4389993,17.9243959,3
2018-10-09 06:30,59.4543359,17.9157897,3
2018-10-09 06:31,59.4697751,17.9128167,3
2018-10-09 06:32,59.484636,17.9193831,3
2018-10-09 06:33,59.499161,17.924535,3
2018-10-09 06:34,59.5137797,17.9240572,3
2018-10-09 06:35,59.5292415,17.9233393,3
2018-10-09 06:36,59.5423942,17.9043898,3
2018-10-09 06:37,59.5586844,17.8979378,3
2018-10-09 06:38,59.5756644,17.9002623,3
2018-10-09 06:39,59.5902945,17.8973569,3
2018-10-09 06:40,59.6024124,17.8985145,3
2018-10-09 06:41,59.6186061,17.9051062,3
2018-10-09 06:42,59.6286659,17.9218132,3
2018-10-09 06:43,59.6391534,17.9369849,3
2018-10-09 06:44,59.6473251,17.9356217,3
2018-10-09 06:45,59.6517727,17.9346679,3
2018-10-09 06:46,59.6515361,17.9317854,3
2018-10-09 06:47,59.6515361,17.9317853,3
2018-10-09 06:48,59.6515376,17.9317735,3
2018-10-09 06:49,59.6513598,17.932121,3
2018-10-09 06:50,59.6512489,17.9312234,3
2018-10-09 06:51,59.6498197,17.9334292,3
2018-10-09 06:52,59.6422377,17.9370563,3
2018-10-09 06:53,59.63191118537417,17.926687708036994,3
2018-10-09 06:54,59.62315760454968,17.912331724544302,3
2018-10-09 06:55,59.61454549930111,17.895840270173395,3
2018-10-09 06:56,59.6001552,17.8970645,3
2018-10-09 06:57,59.58594092020673,17.89942952802723,3
2018-10-09 06:58,59.5745252467424,17.89867358968521,3
2018-10-09 06:59,59.57441342115919,17.89544583644722,3
2018-10-09 07:00,59.56496650483075,17.895369439730217,3
2018-10-09 07:01,59.55550685104977,17.89566352032601,3
2018-10-09 07:15,59.48887196281339,17.919000853155815,3
2018-10-09 07:16,59.47930216596144,17.91951616057143,3
2018-10-09 07:17,59.4682600647517,17.911770241401715,3
2018-10-09 07:18,59.45646756118787,17.913241443043606,3
2018-10-09 07:19,59.44587125248675,17.920456962442533,3
2018-10-09 07:24,59.403100744070414,17.970894510708796,3
2018-10-09 07:25,59.39146213064087,17.99268973612678,3
2018-10-09 07:38,59.2869088,18.0206108,3
2018-10-09 07:39,59.2814552,18.0200159,3
2018-10-09 07:40,59.276712,18.0179162,3
2018-10-09 07:41,59.26829662068593,18.006618850481598,3
2018-10-09 07:42,59.264365248757194,18.00880980565022,3
2018-10-09 07:43,59.26446428854541,18.009585731088354,3
2018-10-09 07:44,59.264402905990465,18.009370991826927,3
2018-10-09 07:45,59.26437084225346,18.009467571566436,3
2018-10-09 12:41,59.2644017551392,18.009585127749702,3
2018-10-09 12:42,59.263121863209335,18.013810921138603,3
2018-10-09 12:43,59.263066523524174,18.014940827647095,3
2018-10-09 12:44,59.263337886488316,18.015875590601354,3
2018-10-09 12:45,59.26354139759559,18.016828355195027,3
2018-10-09 13:04,59.263538382862954,18.042051249164935,3
2018-10-09 13:05,59.263781811287096,18.042238433254642,3
2018-10-09 13:06,59.26365947465503,18.042486924510147,3
2018-10-09 13:07,59.26376135906719,18.042407207881514,3
2018-10-09 13:08,59.26351656289697,18.042599315051376,3
2018-10-09 13:10,59.26356629181138,18.042026343875733,3
2018-10-09 13:11,59.26358812914999,18.042002316454695,3
2018-10-09 13:12,59.26356732654232,18.042122396187654,3
2018-10-09 13:13,59.263554964816926,18.042153479771862,3
2018-10-09 13:14,59.263554964816926,18.042153479771862,3
2018-10-09 13:15,59.263420887046216,18.04227335724147,3
2018-10-09 13:16,59.26345454080456,18.042293429927092,3
2018-10-09 14:12,59.2629602,18.0143652,3
2018-10-09 14:13,59.26297296472926,18.014355479160443,3
2018-10-09 14:14,59.26296729112138,18.014363348147402,3
2018-10-09 14:15,59.26296526775232,18.01438622369452,3
2018-10-09 14:16,59.262966988388136,18.014394434368498,3
2018-10-09 14:17,59.26297066271665,18.01441419365916,3
2018-10-09 14:26,59.26473830928422,18.008823086734544,3
2018-10-09 14:27,59.26472769543093,18.00889435701835,3
2018-10-09 14:28,59.26472769543093,18.00889435701835,3
2018-10-09 14:29,59.26472769543093,18.00889435701835,3
2018-10-09 14:30,59.26472769543093,18.00889435701835,3
2018-10-09 14:31,59.26445295051016,18.009179820628173,3
2018-10-09 14:32,59.26445295051016,18.009179820628173,3
2018-10-09 14:33,59.26445295051016,18.009179820628173,3
2018-10-09 15:00,59.2640522,18.0089639,3
2018-10-09 15:01,59.2646768,18.0085963,3
2018-10-09 17:49,59.264681,18.0085711,3
2018-10-09 17:50,59.2646773,18.0085804,3
2018-10-09 22:08,59.2646796,18.0085707,3
2018-10-09 22:09,59.2646794,18.0085715,3
2018-10-09 22:10,59.2646794,18.0085715,3
2018-10-09 22:11,59.2646794,18.0085715,3
2018-10-09 22:12,59.2646794,18.0085715,3
2018-10-09 22:13,59.26448484270518,18.009045648525568,3
2018-10-08 00:00,59.6507339,17.9309106,5
2018-10-08 00:01,59.6507306,17.9308861,5
2018-10-08 00:02,59.6507327,17.9308805,5
2018-10-08 00:03,59.6507351,17.9308887,5
2018-10-08 00:04,59.6507376,17.930894,5
2018-10-08 00:05,59.6507398,17.930897,5
2018-10-08 00:06,59.65074098379319,17.930900146335745,5
2018-10-08 00:07,59.65073659474321,17.93088241903447,5
2018-10-08 00:08,59.65073791763491,17.930877355166967,5
2018-10-08 00:09,59.650739450178655,17.93087648864134,5
2018-10-08 00:10,59.65074237729162,17.930874910333323,5
2018-10-08 00:11,59.65074693151266,17.930877255516734,5
2018-10-08 00:12,59.650748433982564,17.930878240947965,5
2018-10-08 00:13,59.6507463,17.9308811,5
2018-10-08 00:14,59.650746480348204,17.930895772220616,5
2018-10-08 00:15,59.65074423830598,17.930907726322786,5
2018-10-08 00:16,59.65073939396004,17.930909441349037,5
2018-10-08 00:17,59.65074530325949,17.930910849897398,5
2018-10-08 00:18,59.650747401182606,17.930938817217598,5
2018-10-08 00:19,59.65075736157889,17.93092683798115,5
2018-10-08 00:20,59.65075053407942,17.93092574070308,5
2018-10-08 00:21,59.65078188857652,17.93090749440558,5
2018-10-08 00:22,59.650776202584446,17.930892888418505,5
2018-10-08 00:23,59.65076774763412,17.93085026014352,5
2018-10-08 00:24,59.6507637,17.9308326,5
2018-10-08 00:25,59.65076419829098,17.93085628570831,5
2018-10-08 00:26,59.65075054825158,17.93086863078552,5
2018-10-08 00:27,59.650742956254895,17.93085374473061,5
2018-10-08 00:28,59.65074783731553,17.930854961072463,5
2018-10-08 00:29,59.65075109995813,17.930842243679194,5
2018-10-08 00:30,59.65074693740194,17.93086393070212,5
2018-10-08 00:50,59.6510121,17.9314204,5
2018-10-08 00:51,59.65101581238319,17.931417247238066,5
2018-10-08 00:52,59.6510108961997,17.931435909846392,5
2018-10-08 00:53,59.65100773428278,17.931389898365627,5
2018-10-08 00:54,59.65099822923033,17.931376817757503,5
2018-10-08 00:55,59.65099797319656,17.931387714302456,5
2018-10-08 00:56,59.650997719007364,17.931394694646468,5
2018-10-08 00:57,59.65103752089627,17.931364612008437,5
2018-10-08 01:32,59.6512996,17.9313873,5
2018-10-08 01:33,59.6510595,17.9315284,5
2018-10-08 01:34,59.65106410477815,17.931479621548817,5
2018-10-08 01:35,59.65106841705232,17.931483162852476,5
2018-10-08 01:36,59.651071721083426,17.931463968317104,5
2018-10-08 01:37,59.651071946274946,17.931462342497994,5
2018-10-08 01:38,59.6510820648149,17.931446538665874,5
2018-10-08 08:23,59.4118396,17.9243471,5
2018-10-08 08:24,59.411868016644775,17.924636658467513,5
2018-10-08 08:25,59.41190857140283,17.92460598205166,5
2018-10-08 08:26,59.41204963517503,17.924617125107293,5
2018-10-08 08:27,59.41191927898257,17.924383519017645,5
2018-10-08 08:28,59.41190093700403,17.92429824359158,5
2018-10-08 08:29,59.411900572472945,17.924587666627804,5
2018-10-08 10:52,59.41204912287764,17.924457593488743,5
2018-10-08 10:53,59.41170111416411,17.924758213666436,5
2018-10-08 10:54,59.411257524018346,17.92581035698543,5
2018-10-08 10:55,59.41081108330723,17.92697229534534,5
2018-10-08 10:56,59.41031741209812,17.927954642991427,5
2018-10-08 10:57,59.410035752062655,17.928851076895086,5
2018-10-08 11:48,59.41120064714289,17.925637655556233,5
2018-10-08 11:49,59.41484626269163,17.924492088196704,5
2018-10-08 11:50,59.41768507891511,17.915318938537617,5
2018-10-08 11:51,59.419307766263366,17.91519669392637,5
2018-10-08 11:52,59.416604519069985,17.90568663085809,5
2018-10-08 11:53,59.41420914148583,17.901972984575757,5
2018-10-08 12:38,59.41038013557238,17.889425268872007,5
2018-10-08 12:39,59.413405035976695,17.900572671820388,5
2018-10-08 12:40,59.41477117788702,17.903093523642795,5
2018-10-08 12:41,59.410454959036606,17.889674656584933,5
2018-10-08 12:42,59.407668778909816,17.871520537511824,5
2018-10-08 12:43,59.407822222726686,17.86667987492719,5
2018-10-08 13:43,59.4105464,17.9311026,5
2018-10-08 13:44,59.4105464,17.9311026,5
2018-10-08 13:45,59.409859993876005,17.929559097286432,5
2018-10-08 13:46,59.40997891970075,17.9286131428836,5
2018-10-08 13:47,59.41050685157391,17.927616676649354,5
2018-10-08 13:48,59.41101899285617,17.926534403283934,5
2018-10-08 14:03,59.4117684,17.9246782,5
2018-10-08 14:04,59.411785355812405,17.9246727803939,5
2018-10-08 14:05,59.4118617,17.9245449,5
2018-10-08 14:06,59.4118477363246,17.924579334937004,5
2018-10-08 14:07,59.411847290623676,17.924623896730047,5
2018-10-08 14:08,59.4118717,17.9245367,5
2018-10-08 14:09,59.41177495944789,17.924627738071102,5
2018-10-08 14:10,59.41185670707401,17.92454500360701,5
2018-10-08 14:11,59.41166110205591,17.92463148596396,5
2018-10-08 14:37,59.4116954,17.9245349,5
2018-10-08 14:38,59.41182589718737,17.924604002887385,5
2018-10-08 14:39,59.411841456584106,17.924530261279052,5
2018-10-08 14:40,59.4118614,17.9245272,5
2018-10-08 14:41,59.411925243318805,17.924512777028706,5
2018-10-08 14:42,59.4119957,17.9245378,5
2018-10-08 14:43,59.41185385520795,17.924536737714664,5
2018-10-08 14:44,59.41183009276756,17.92454428557571,5
2018-10-08 14:45,59.41184570275958,17.924362819387817,5
2018-10-08 14:46,59.41182216452742,17.924446777770395,5
2018-10-08 14:47,59.41189406301127,17.924468920060495,5
2018-10-08 15:37,59.411841784598984,17.924559614619906,5
2018-10-08 15:38,59.411781300537434,17.924571507835605,5
2018-10-08 15:39,59.41180975620382,17.924453289332888,5
2018-10-08 15:40,59.411947792802906,17.924445461915592,5
2018-10-08 15:41,59.41194978397097,17.9244738861619,5
2018-10-08 15:42,59.4119323,17.924558,5
2018-10-08 15:43,59.41184468584145,17.924601698441737,5
2018-10-08 15:44,59.4118673,17.9246751,5
2018-10-08 15:45,59.4119336,17.9245995,5
2018-10-08 15:46,59.4118708,17.9245044,5
2018-10-08 15:47,59.41182466765813,17.924458277295848,5
2018-10-08 15:48,59.41195722867746,17.924412666965335,5
2018-10-08 15:49,59.41181294245526,17.924404288669102,5
2018-10-08 15:50,59.41188541281596,17.924497002487936,5
2018-10-08 15:51,59.41182852638134,17.92465685668009,5
2018-10-08 15:52,59.41175324067904,17.924501870842345,5
2018-10-08 15:54,59.411895278776036,17.924492625855272,5
2018-10-08 15:55,59.41188155305795,17.92463244307854,5
2018-10-08 15:56,59.4118579,17.9246996,5
2018-10-08 15:57,59.4120739725266,17.924227687851783,5
2018-10-08 15:58,59.41192945847485,17.924507823147838,5
2018-10-08 15:59,59.41175728783167,17.924598073237046,5
2018-10-08 16:00,59.41183312873839,17.924670996545984,5
2018-10-08 16:01,59.411828470442934,17.924570770558688,5
2018-10-08 16:02,59.411899450485926,17.924472296585037,5
2018-10-08 16:03,59.4119117,17.9243946,5
2018-10-08 16:04,59.4118639680456,17.92456402131621,5
2018-10-08 16:05,59.4119018,17.9244354,5
2018-10-08 16:06,59.41194011889916,17.92431865199194,5
2018-10-08 16:07,59.41192295132591,17.924434376192313,5
2018-10-08 16:08,59.4118716,17.9245362,5
2018-10-08 16:09,59.41180555411944,17.924687246815626,5
2018-10-08 16:10,59.4118935,17.9245439,5
2018-10-08 16:11,59.41198614717001,17.9246309380167,5
2018-10-08 16:12,59.4120058,17.9247038,5
2018-10-08 16:13,59.41182804155333,17.924398952593915,5
2018-10-08 16:14,59.412000819368885,17.92466029481112,5
2018-10-08 16:15,59.41198560651053,17.924491557326643,5
2018-10-08 16:16,59.4119503,17.9245211,5
2018-10-08 16:17,59.4118713,17.9245369,5
2018-10-08 16:18,59.4118742,17.9245174,5
2018-10-08 16:19,59.4118713,17.9245369,5
2018-10-08 16:20,59.41178137101921,17.924203236923134,5
2018-10-08 16:21,59.41185538207836,17.924541479599302,5
2018-10-08 16:22,59.4118715,17.9245347,5
2018-10-08 16:31,59.411842,17.9246066,5
2018-10-08 16:32,59.4118718,17.9245367,5
2018-10-08 16:33,59.4118713,17.9245364,5
2018-10-08 16:34,59.411872,17.9245364,5
2018-10-08 16:35,59.4118711,17.9245374,5
2018-10-08 16:36,59.4118715,17.9245376,5
2018-10-08 16:49,59.41183880467636,17.924539944561044,5
2018-10-08 16:50,59.41193895821723,17.924539905315036,5
2018-10-08 16:51,59.41189576455392,17.924521834534204,5
2018-10-08 16:52,59.41184994343491,17.92439711104087,5
2018-10-08 16:53,59.4117773,17.9242789,5
2018-10-08 16:54,59.41183332159788,17.92442823490766,5
2018-10-08 16:55,59.411873433607354,17.924450869995248,5
2018-10-08 16:56,59.41189269230752,17.92449118408949,5
2018-10-08 16:57,59.411857487042305,17.924374749776515,5
2018-10-08 16:58,59.411904783257704,17.92450021171647,5
2018-10-08 17:05,59.4118004,17.9244074,5
2018-10-08 17:06,59.41186773205954,17.925211085325248,5
2018-10-08 17:07,59.4118713,17.924536,5
2018-10-08 17:08,59.4119327,17.9245492,5
2018-10-08 17:09,59.4118894,17.924465,5
2018-10-08 17:10,59.4118814,17.9245575,5
2018-10-08 17:11,59.411869610224684,17.92448439726742,5
2018-10-08 17:12,59.4118932,17.9246318,5
2018-10-08 17:13,59.4118566,17.9245602,5
2018-10-08 17:14,59.4118061,17.9245696,5
2018-10-08 17:15,59.41157657500084,17.924839684529765,5
2018-10-08 17:16,59.4118717,17.9245375,5
2018-10-08 17:17,59.4118903,17.924626,5
2018-10-08 17:18,59.4118069,17.9244595,5
2018-10-08 17:19,59.4117199,17.92446,5
2018-10-08 17:20,59.41167975570157,17.92433356214141,5
2018-10-08 17:21,59.4117648,17.9242469,5
2018-10-08 17:22,59.411745,17.9242079,5
2018-10-08 17:23,59.411798,17.9244172,5
2018-10-08 17:24,59.4117318,17.9243433,5
2018-10-08 17:25,59.4117945,17.9244362,5
2018-10-08 17:26,59.41169996967316,17.92438951698986,5
2018-10-08 17:27,59.4117949,17.9244902,5
2018-10-08 17:28,59.41180271016008,17.924452008329485,5
2018-10-08 17:29,59.4118273,17.9243362,5
2018-10-08 17:30,59.411801092055775,17.924303347172625,5
2018-10-08 17:31,59.4118482,17.9242812,5
2018-10-08 17:32,59.41187331426198,17.92455314065505,5
2018-10-08 17:33,59.4118804,17.9244581,5
2018-10-08 17:34,59.4118605,17.9245057,5
2018-10-08 17:35,59.41186068050787,17.92441473265318,5
2018-10-08 17:36,59.41186543582372,17.92450892750141,5
2018-10-08 17:37,59.4117989,17.9244905,5
2018-10-08 17:38,59.41178495030827,17.9244847310597,5
2018-10-08 17:39,59.41186295360958,17.924442690524106,5
2018-10-08 17:40,59.411860956714904,17.924401381555057,5
2018-10-08 17:41,59.41185387737352,17.92439204496193,5
2018-10-08 17:42,59.41183931712247,17.92438091465045,5
2018-10-08 17:48,59.4118361,17.9243743,5
2018-10-08 17:49,59.41183819673048,17.92441458739693,5
2018-10-08 17:50,59.41189742438972,17.924358472195497,5
2018-10-08 17:51,59.41191333740725,17.92444409464652,5
2018-10-08 17:52,59.4118546,17.9242476,5
2018-10-08 17:53,59.41186837819806,17.924425147825158,5
2018-10-08 17:54,59.411860201363176,17.924386721195237,5
2018-10-08 17:55,59.41186916465923,17.924440116931816,5
2018-10-08 17:56,59.41183174286688,17.92421709589494,5
2018-10-08 17:57,59.41190254848685,17.92431418832858,5
2018-10-08 23:34,59.4118751447882,17.924629719361125,5
2018-10-08 23:35,59.41187747927967,17.924641639340983,5
2018-10-08 23:37,59.41188719756344,17.92459608165565,5
2018-10-08 23:38,59.4118705,17.9245357,5
2018-10-08 23:39,59.411793185492556,17.92453583685431,5
2018-10-08 23:40,59.4118704,17.9245355,5
2018-10-08 23:41,59.41176530527876,17.924680245789553,5
2018-10-08 23:42,59.41169714012373,17.924609010139967,5
2018-10-08 23:43,59.41174473840962,17.924491980591363,5
2018-10-08 23:44,59.411768566598916,17.924489393106416,5
2018-10-08 23:45,59.411808477072,17.924586332142322,5
2018-10-09 02:07,59.41177203020611,17.92456676043001,5
2018-10-09 02:11,59.4117965959416,17.924703882634855,5
2018-10-09 02:12,59.41180431078336,17.924680709489078,5
2018-10-09 02:13,59.41183709414711,17.924589267660316,5
2018-10-09 02:14,59.4118706,17.924537,5
2018-10-09 02:15,59.41182475860565,17.92458688244617,5
2018-10-09 03:50,59.4118707,17.9245376,5
2018-10-09 03:51,59.41156733596067,17.92470673711535,5
2018-10-09 03:52,59.41181583705511,17.924551481431482,5
2018-10-09 03:53,59.4118667,17.9245668,5
2018-10-09 03:54,59.411871,17.9245393,5
2018-10-09 03:55,59.4118705,17.9245405,5
2018-10-09 03:58,59.41158725004204,17.925184767495733,5
2018-10-09 03:59,59.41114260693886,17.92610337665826,5
2018-10-09 04:00,59.410755655888146,17.926981279345735,5
2018-10-09 04:01,59.410279737394994,17.927853809743198,5
2018-10-09 04:02,59.41004957838617,17.92890651627738,5
2018-10-09 04:03,59.40978407615838,17.930005391765093,5
2018-10-09 04:04,59.4109659,17.9307682,5
2018-10-09 04:05,59.409216444693364,17.928778837557275,5
2018-10-09 04:06,59.412117122937424,17.92628072115983,5
2018-10-09 04:07,59.41186889764794,17.925210287310573,5
2018-10-09 04:26,59.41151424405776,18.02192968997624,5
2018-10-09 04:27,59.41144462363332,18.022000084516137,5
2018-10-09 04:28,59.411382356372314,18.022058497876742,5
2018-10-09 04:29,59.41128852506139,18.023841649817456,5
2018-10-09 04:30,59.413885056970756,18.01957765275658,5
2018-10-09 04:31,59.41709732469326,18.01099129743565,5
2018-10-09 04:32,59.42412680521568,18.00135202757156,5
2018-10-09 04:33,59.42649663695607,17.998031626184307,5
2018-10-09 04:51,59.6153369,17.9006911,5
2018-10-09 04:52,59.6251565,17.919937,5
2018-10-09 04:53,59.63642989326673,17.934064914594206,5
2018-10-09 04:54,59.647173837721056,17.93571007173865,5
2018-10-09 04:55,59.65173191159881,17.934117356188622,5
2018-10-09 04:56,59.651586296743965,17.932537279582707,5
2018-10-09 05:05,59.64788274785991,17.942122447307764,5
2018-10-09 05:06,59.6479046307468,17.94222635720371,5
2018-10-09 05:07,59.6479046307468,17.94222635720371,5
2018-10-09 05:08,59.6479046307468,17.94222635720371,5
2018-10-09 05:09,59.64788265271412,17.942246037445944,5
2018-10-09 05:10,59.64788447765217,17.942273234440222,5
2018-10-09 05:27,59.6457431,17.9346018,5
2018-10-09 05:28,59.6456791,17.9346989,5
2018-10-09 05:29,59.6456626,17.9347437,5
2018-10-09 05:30,59.64564505921484,17.93475935348033,5
2018-10-09 05:31,59.64540854178029,17.934562406381154,5
2018-10-09 05:32,59.64537653720402,17.934277373150245,5
2018-10-09 05:33,59.645429894655834,17.934162062487843,5
2018-10-09 05:34,59.645424412923056,17.93412357410269,5
2018-10-09 05:35,59.64541499525694,17.934121744971506,5
2018-10-09 06:22,59.64541584806057,17.93409500479255,5
2018-10-09 06:23,59.6450473160089,17.934231321010905,5
2018-10-09 06:24,59.644628234783816,17.93498506300783,5
2018-10-09 06:25,59.64923544402432,17.935823993024126,5
2018-10-09 06:26,59.6507336560162,17.931648612921492,5
2018-10-09 06:27,59.65050264466424,17.930452978692863,5
2018-10-09 06:45,59.65058049825726,17.930518218339614,5
2018-10-09 06:46,59.65056929476319,17.930479191304514,5
2018-10-09 06:47,59.65057899709003,17.93048525682758,5
2018-10-09 06:48,59.6505637967377,17.930487436596962,5
2018-10-09 06:49,59.6505569,17.9304909,5
2018-10-09 06:50,59.65059304867375,17.930514410611547,5
2018-10-09 06:51,59.6499836,17.9305832,5
2018-10-09 06:52,59.650663013744634,17.9307039931469,5
2018-10-09 06:53,59.650738090676846,17.930917809648232,5
2018-10-09 06:54,59.65066547851573,17.930882546679037,5
2018-10-09 08:15,59.4058588,17.964665,5
2018-10-09 08:16,59.413233618657316,17.945251181812385,5
2018-10-09 08:17,59.41857869860611,17.941916329553376,5
2018-10-09 08:18,59.418450684459,17.94233559013185,5
2018-10-09 08:19,59.41843696824071,17.942419993746373,5
2018-10-09 08:20,59.4186426,17.9419068,5
2018-10-09 08:21,59.420252969359645,17.942644067257635,5
2018-10-09 08:22,59.421563766174984,17.94478920616164,5
2018-10-09 08:23,59.421563766174984,17.94478920616164,5
2018-10-09 08:24,59.424579977127316,17.950561089890673,5
2018-10-09 08:25,59.4269863,17.9541626,5
2018-10-09 08:26,59.42687997831105,17.954011117943367,5
2018-10-09 08:27,59.426865882100174,17.953926602787764,5
2018-10-09 08:28,59.4270536,17.9540179,5
2018-10-09 08:29,59.42689550286697,17.95403127204964,5
2018-10-09 08:30,59.42689154162807,17.954044264679958,5
2018-10-09 08:31,59.42700540668026,17.953969849148066,5
2018-10-09 08:32,59.424846725884855,17.95081043953555,5
2018-10-09 08:33,59.42181510798487,17.94479463315692,5
2018-10-09 08:36,59.4109153,17.9260489,5
2018-10-09 08:37,59.40973732453917,17.929822046808454,5
2018-10-09 08:38,59.40972953076735,17.929849926286842,5
2018-10-09 08:39,59.40972953076735,17.929849926286842,5
2018-10-09 08:40,59.4097295,17.9298499,5
2018-10-09 08:41,59.40972953076735,17.929849926286842,5
2018-10-09 08:42,59.409741879813666,17.929866231235525,5
2018-10-09 08:43,59.409745327883996,17.92984312981148,5
2018-10-09 08:44,59.409749983457445,17.929836106313466,5
2018-10-09 08:45,59.40973819428794,17.929845915505346,5
2018-10-09 08:46,59.40974145823354,17.929841925731168,5
2018-10-09 08:47,59.40973995172637,17.929840851924485,5
2018-10-09 08:48,59.4097381,17.9298482,5
2018-10-09 08:49,59.40973418374296,17.929847070883035,5
2018-10-09 08:50,59.409739480631636,17.92983372736589,5
2018-10-09 08:51,59.40974096604599,17.92985264488174,5
2018-10-09 08:52,59.409740957314504,17.929848802657897,5
2018-10-09 08:53,59.409740597244394,17.92983633349763,5
2018-10-09 08:57,59.409747837267474,17.92985931598639,5
2018-10-09 08:58,59.40975207616315,17.92985055220149,5
2018-10-09 08:59,59.40974692063868,17.929859730442843,5
2018-10-09 09:00,59.4097437,17.9298694,5
2018-10-09 09:01,59.409743049398,17.929879516057234,5
2018-10-09 09:02,59.40973743353132,17.929872136497462,5
2018-10-09 09:03,59.40973600358949,17.929871916384847,5
2018-10-09 09:04,59.40973375921408,17.929870179389066,5
2018-10-09 09:05,59.4099554,17.9300219,5
2018-10-09 09:06,59.4109659,17.9307682,5
2018-10-09 09:07,59.40971609053212,17.93011607646916,5
2018-10-09 09:08,59.411293614284254,17.925764674805546,5
2018-10-09 09:09,59.41220273417636,17.92640561750808,5
2018-10-09 09:10,59.41202017986271,17.92515262336864,5
2018-10-09 09:11,59.4119353,17.9244883,5
2018-10-09 09:12,59.411803821734345,17.924685232603014,5
2018-10-09 09:13,59.411793280987624,17.924525686018413,5
2018-10-09 09:14,59.41169370062414,17.924655759722523,5
2018-10-09 09:15,59.41189635524007,17.92461717626999,5
2018-10-09 10:06,59.41187916461079,17.924552644254103,5
2018-10-09 10:07,59.41187916461079,17.924552644254103,5
2018-10-09 10:08,59.4118257390206,17.92457101471678,5
2018-10-09 10:09,59.4118257390206,17.92457101471678,5
2018-10-09 10:10,59.4118836,17.9245254,5
2018-10-09 10:17,59.4120412,17.9247609,5
2018-10-09 10:18,59.41211566291161,17.924922209687626,5
2018-10-09 10:19,59.41209920160329,17.924963424008258,5
2018-10-09 10:20,59.41208247312123,17.924828046106086,5
2018-10-09 10:21,59.41207904755122,17.924776212459598,5
2018-10-09 10:22,59.4119767829552,17.924676243176876,5
2018-10-09 10:23,59.411868133603164,17.92478866600566,5
2018-10-09 11:12,59.4119016,17.92455,5
2018-10-09 11:13,59.41186109613199,17.924750488172755,5
2018-10-09 11:14,59.4120241108893,17.924462648526767,5
2018-10-09 11:15,59.41195705662669,17.924730931552745,5
2018-10-09 11:16,59.41184289656079,17.924669716772396,5
2018-10-09 11:17,59.41182596496383,17.9246857461533,5
2018-10-09 11:18,59.411960572185365,17.924700097085267,5
2018-10-09 11:51,59.4119575,17.9246124,5
2018-10-09 11:52,59.41191233466961,17.924561318418814,5
2018-10-09 11:53,59.41195338023451,17.92465222297974,5
2018-10-09 11:54,59.4119119,17.9245747,5
2018-10-09 11:55,59.411702649487516,17.924468009911813,5
2018-10-09 11:56,59.411780114603445,17.924498708007974,5
2018-10-09 12:09,59.4118813,17.924617,5
2018-10-09 12:10,59.41183474010848,17.92459352417118,5
2018-10-09 12:11,59.4118357,17.9245715,5
2018-10-09 12:12,59.41183625160754,17.92461097468694,5
2018-10-09 12:13,59.41187754260288,17.924521754914917,5
2018-10-09 12:14,59.41184526209941,17.924501456305943,5
2018-10-09 12:15,59.41183310539014,17.924537853696474,5
2018-10-09 12:16,59.41184263670376,17.9244991724329,5
2018-10-09 12:20,59.41185157694293,17.924435395976275,5
2018-10-09 12:21,59.41184953588474,17.924542518486373,5
2018-10-09 12:22,59.411866404708036,17.924489969589093,5
2018-10-09 12:23,59.41210330583864,17.924669568730135,5
2018-10-09 12:24,59.41198638192982,17.9246344918025,5
2018-10-09 12:27,59.41189756677326,17.92467107573838,5
2018-10-09 12:28,59.4118834,17.9245222,5
2018-10-09 12:29,59.41198533957929,17.924816048373522,5
2018-10-09 12:30,59.41192527720453,17.92465146916046,5
2018-10-09 12:31,59.411825054788125,17.924474664527004,5
2018-10-09 13:41,59.41186797679424,17.92459024395113,5
2018-10-09 13:42,59.41193794292038,17.924561292643187,5
2018-10-09 13:43,59.4118732,17.9245378,5
2018-10-09 13:44,59.411889876149914,17.924563259442433,5
2018-10-09 13:45,59.41190026511009,17.924524771106867,5
2018-10-09 14:33,59.412132963164474,17.924775023165495,5
2018-10-09 14:34,59.4118844,17.9245217,5
2018-10-09 14:35,59.4120129,17.924954,5
2018-10-09 14:36,59.41098716288535,17.922444872715634,5
2018-10-09 14:37,59.41133735892764,17.923947326466887,5
2018-10-09 14:38,59.41179465775033,17.924612399013167,5
2018-10-09 14:39,59.41198367692829,17.924283276029186,5
2018-10-09 14:40,59.4118836,17.9245233,5
2018-10-09 15:54,59.411895,17.9245306,5
2018-10-09 15:55,59.4118725,17.9245388,5
2018-10-09 15:56,59.4118726,17.9245366,5
2018-10-09 15:57,59.4118838,17.9245236,5
2018-10-09 15:58,59.411884,17.9245229,5
2018-10-09 15:59,59.4118841,17.9245235,5
2018-10-09 17:16,59.4118528,17.9245261,5
2018-10-09 17:17,59.4118517,17.9246142,5
2018-10-09 17:18,59.4120357,17.9250428,5
2018-10-09 17:19,59.41204305531959,17.92506904450789,5
2018-10-09 17:20,59.4118834,17.9245236,5
2018-10-09 17:21,59.41196147849071,17.924767907197666,5
2018-10-09 17:22,59.4119214,17.9248656,5
2018-10-09 17:23,59.411953570805125,17.92508585372696,5
2018-10-09 17:24,59.41207587517699,17.925253107505995,5
2018-10-09 17:25,59.412204196972375,17.925553550487294,5
2018-10-09 17:26,59.41229670136546,17.925535520293927,5
2018-10-09 17:27,59.41190111672539,17.924824515175796,5
2018-10-09 18:12,59.41173883912083,17.92492694707712,5
2018-10-09 18:13,59.411162920932696,17.92622993505583,5
2018-10-09 18:14,59.4106972,17.9274211,5
2018-10-09 18:15,59.410096360381566,17.92832597553887,5
2018-10-09 18:16,59.40988037631557,17.929517100443846,5
2018-10-09 18:17,59.4099554,17.9300219,5
2018-10-09 18:18,59.4109659,17.9307682,5
2018-10-09 18:19,59.41126895491077,17.925752359521557,5
2018-10-09 20:47,59.3665632,18.0007646,5
2018-10-09 20:48,59.3665732,18.0008168,5
2018-10-09 20:49,59.3665748,18.0008504,5
2018-10-09 20:50,59.366578,18.0008737,5
2018-10-09 20:51,59.36657935132812,18.00086214580365,5
2018-10-09 20:52,59.36657163883179,18.00082880951216,5
2018-10-09 20:53,59.36656744381886,18.000812705109524,5
2018-10-09 20:54,59.36657605229076,18.000822125214242,5
2018-10-09 20:55,59.36643389955612,18.001064027962283,5
2018-10-09 20:56,59.36595361331247,18.00430618721422,5
2018-10-09 20:57,59.364388549440086,18.011259918120636,5
2018-10-09 20:58,59.363981758892656,18.019770960938565,5
2018-10-09 20:59,59.36402757917682,18.02416999805461,5
2018-10-09 21:00,59.370186108768685,18.020228262147455,5
2018-10-09 21:10,59.4068512,17.9290073,5
2018-10-09 21:11,59.4068413,17.9291122,5
2018-10-09 21:12,59.4068408,17.9291174,5
2018-10-09 21:13,59.40684075883464,17.929117392136707,5
2018-10-09 21:14,59.40684075883464,17.929117392136707,5
2018-10-09 21:15,59.406864740486775,17.929255484586008,5
2018-10-09 21:16,59.40658609141343,17.928873565165404,5
2018-10-09 21:17,59.40644684860411,17.928633763293096,5
2018-10-09 21:18,59.4068905499259,17.929118494826252,5
2018-10-09 21:19,59.40870077567221,17.929877260453527,5
2018-10-09 21:24,59.409456113732006,17.930269584865947,5
2018-10-09 21:25,59.4099554,17.9300219,5
2018-10-09 21:26,59.4109659,17.9307682,5
2018-10-09 21:27,59.4109659,17.9307682,5
2018-10-09 21:28,59.4109659,17.9307682,5
2018-10-09 21:29,59.4109659,17.9307682,5
2018-10-09 21:30,59.4109659,17.9307682,5
2018-10-09 21:31,59.4109659,17.9307682,5
2018-10-09 21:32,59.4109659,17.9307682,5
2018-10-09 21:33,59.4109659,17.9307682,5
2018-10-09 21:34,59.4109659,17.9307682,5
2018-10-09 21:35,59.4099554,17.9300219,5
2018-10-09 21:44,59.4118836,17.9245251,5
2018-10-09 21:45,59.41189043464356,17.92456177669681,5
2018-10-09 21:46,59.41189074971647,17.924566232266006,5
2018-10-09 21:47,59.411897198922006,17.924507386574252,5
2018-10-09 21:48,59.41195443609783,17.92446942826831,5
2018-10-09 22:09,59.4120469,17.9245951,5
2018-10-09 22:10,59.4120216,17.9244441,5
2018-10-09 22:11,59.411904270132446,17.924461399867962,5
2018-10-09 22:12,59.411885,17.9245405,5
2018-10-09 22:13,59.4118085,17.9247455,5
2018-10-09 22:14,59.4118513,17.9246517,5
2018-10-09 22:15,59.4118823,17.9245249,5
2018-10-09 22:16,59.4115047,17.9242729,5
2018-10-09 22:17,59.4112737,17.9243532,5
2018-10-09 22:18,59.4117325,17.9243627,5
2018-10-09 22:19,59.4118835,17.9245231,5
2018-10-09 22:20,59.41174068436664,17.924403273731958,5
2018-10-09 22:21,59.411873,17.924538,5
2018-10-09 22:22,59.4118495,17.9245198,5
2018-10-09 22:23,59.4119017,17.9245261,5
2018-10-09 22:24,59.41198280806269,17.92449166422478,5
2018-10-09 22:25,59.4120608,17.9244111,5
2018-10-09 22:26,59.41199790515747,17.924366026756463,5
2018-10-09 22:27,59.41200307890383,17.924401056597894,5
2018-10-09 22:28,59.41197846898048,17.92444469902978,5
2018-10-09 22:29,59.41194222902027,17.92451208733547,5
2018-10-09 22:30,59.4118831,17.9245243,5
